REGION,FETCHEDDATETIME,FETCHEDSEQUENCE,AZUREFILE,AZUREDATETIME,MERCHANDISINGRESPONSEID,PRODUCTID,PRIMARYHIERARCHYNODEID,MUSTCARRYITEM,PRESENCE,PRICEPRESENCE,PRICEDETAILS,PROMOPRESENCE,PROMOPACKPRESENCE,FACINGS,STOCKCOUNT,OUTOFSTOCK,HORIZONTALPOSITION,VERTICALPOSITION,STOREPOSITION,PROMODETAILS,CATEGORYLENGTH,CATEGORYFACINGS,CDL_DATETIME,CDL_SOURCE_FILE,LOAD_KEY
NorthZone,2023-08-01 10:00:00,-10,file1.txt,2023-08-01 12:00:00,response1,prod123,node1,Yes,No,Yes,-5.99,Yes,No,-3.0,-20.0,Yes,Left,Top,Front,Discount 20%,-1.5,-2.0,2023-08-01 11:00:00,source1.csv,key123
SouthZone,2023-08-01 09:00:00,5,file2.txt,2023-08-01 11:00:00,response1,prod124,node1,No,Yes,No,0.0,No,Yes,0.0,0.0,No,Right,Bottom,Back,Clearance,0.0,0.0,2023-08-01 10:30:00,source2.csv,key124
EastZone,2023-08-01 08:30:00,5,file3.txt,2023-08-01 10:30:00,response2,prod125,node1,Yes,No,Yes,3.99,No,Yes,2.5,15.0,No,Center,Middle,Front,Bundle Offer,1.0,2.5,2023-08-01 08:00:00,source3.csv,key125
WestZone,2023-08-01 07:00:00,7,file4.txt,2023-08-01 09:00:00,response2,prod126,node2,No,Yes,No,7.49,Yes,No,3.0,25.0,Yes,Left,Top,Middle,Limited Time,2.0,-5.0,2023-08-01 07:30:00,source4.csv,key126
Central,2023-08-01 06:00:00,10,file5.txt,2023-08-01 08:00:00,response3,prod127,node2,Yes,No,No,10.0,Yes,Yes,1.0,0.0,No,Center,Bottom,Back,New Year Sale,0.5,0.5,2023-08-01 06:30:00,source5.csv,key127
NorthZone,2023-08-01 10:00:00,-5,file6.txt,2023-08-01 12:00:00,response4,prod128,node3,No,Yes,Yes,-3.99,No,Yes,4.0,-30.0,Yes,Right,Top,Front,Flash Sale,-3.0,2.0,2023-08-01 11:00:00,source6.csv,key128
SouthZone,2023-08-01 09:00:00,20,file7.txt,2023-08-01 11:00:00,response5,prod129,node3,Yes,No,No,1.99,Yes,No,0.0,10.0,No,Left,Middle,Back,50% Off,0.0,1.0,2023-08-01 10:30:00,source7.csv,key129
EastZone,2023-08-01 08:30:00,15,file8.txt,2023-08-01 10:30:00,response6,prod130,node4,No,Yes,No,-7.99,Yes,Yes,3.0,-5.0,Yes,Center,Top,Middle,Buy One Get One,1.5,-4.0,2023-08-01 08:00:00,source8.csv,key130
WestZone,2023-08-01 07:00:00,25,file9.txt,2023-08-01 09:00:00,response7,prod131,node4,Yes,No,Yes,5.0,No,No,-2.0,50.0,No,Right,Bottom,Front,Clearance Sale,2.5,-1.0,2023-08-01 07:30:00,source9.csv,key131
Central,2023-08-01 06:00:00,30,file10.txt,2023-08-01 08:00:00,response8,prod132,node5,No,Yes,No,-12.0,Yes,No,0.0,0.0,Yes,Left,Middle,Back,End of Season,0.0,0.0,2023-08-01 06:30:00,source10.csv,key132
NorthZone,2023-08-01 05:00:00,35,file11.txt,2023-08-01 07:00:00,response9,prod133,node5,Yes,No,Yes,8.99,No,Yes,4.0,10.0,No,Center,Top,Front,Holiday Special,-2.0,3.5,2023-08-01 05:30:00,source11.csv,key133
SouthZone,2023-08-01 04:00:00,40,file12.txt,2023-08-01 06:00:00,response10,prod134,node6,No,Yes,No,6.49,Yes,No,1.5,-10.0,Yes,Right,Bottom,Middle,Summer Sale,-5.0,0.0,2023-08-01 04:30:00,source12.csv,key134
EastZone,2023-08-01 03:00:00,45,file13.txt,2023-08-01 05:00:00,response11,prod135,node6,Yes,No,Yes,-9.49,No,Yes,2.0,20.0,No,Left,Top,Back,Black Friday,1.0,-1.0,2023-08-01 03:30:00,source13.csv,key135
WestZone,2023-08-01 02:00:00,50,file14.txt,2023-08-01 04:00:00,response12,prod136,node7,No,Yes,No,15.0,Yes,No,-0.5,0.0,Yes,Center,Bottom,Middle,Winter Sale,0.0,0.0,2023-08-01 02:30:00,source14.csv,key136
Central,2023-08-01 01:00:00,55,file15.txt,2023-08-01 03:00:00,response13,prod137,node7,Yes,No,Yes,-13.0,No,Yes,0.0,5.0,No,Right,Top,Front,Cyber Monday,-10.0,2.0,2023-08-01 01:30:00,source15.csv,key137
NorthZone,2023-08-01 01:30:00,60,file16.txt,2023-08-01 03:30:00,response14,prod138,node8,No,Yes,No,2.99,Yes,No,-4.0,0.0,Yes,Center,Middle,Back,Student Discount,0.0,-3.0,2023-08-01 01:00:00,source16.csv,key138
SouthZone,2023-08-01 01:00:00,65,file17.txt,2023-08-01 02:30:00,response15,prod139,node8,Yes,No,Yes,0.0,No,Yes,0.0,-15.0,No,Left,Bottom,Front,New Launch,-1.0,0.0,2023-08-01 01:30:00,source17.csv,key139
EastZone,2023-08-01 02:00:00,70,file18.txt,2023-08-01 04:00:00,response16,prod140,node9,No,Yes,No,-8.0,Yes,No,-1.0,25.0,Yes,Center,Top,Middle,Festive Offer,2.0,-6.0,2023-08-01 02:30:00,source18.csv,key140
WestZone,2023-08-01 03:00:00,75,file19.txt,2023-08-01 05:00:00,response17,prod141,node9,Yes,No,Yes,7.0,No,Yes,5.0,-2.5,No,Right,Bottom,Front,Spring Sale,-3.0,3.0,2023-08-01 03:30:00,source19.csv,key141
Central,2023-08-01 04:00:00,80,file20.txt,2023-08-01 06:00:00,response18,prod142,node10,No,Yes,No,3.0,Yes,No,2.0,-5.0,Yes,Center,Middle,Back,Valentine's Special,1.0,-2.0,2023-08-01 04:30:00,source20.csv,key142
NorthZone,2023-08-01 05:00:00,85,file21.txt,2023-08-01 07:00:00,response19,prod143,node10,Yes,No,Yes,-2.5,No,Yes,0.0,0.0,No,Left,Top,Front,Back to School,-1.5,0.0,2023-08-01 05:30:00,source21.csv,key143
SouthZone,2023-08-01 06:00:00,90,file22.txt,2023-08-01 08:00:00,response20,prod144,node11,No,Yes,No,6.5,Yes,No,1.0,-20.0,Yes,Right,Bottom,Middle,Halloween Special,0.0,-1.0,2023-08-01 06:30:00,source22.csv,key144
EastZone,2023-08-01 07:00:00,95,file23.txt,2023-08-01 09:00:00,response21,prod145,node11,Yes,No,Yes,-4.5,No,Yes,0.5,15.0,No,Center,Top,Front,Weekend Offer,-2.0,0.0,2023-08-01 07:30:00,source23.csv,key145
WestZone,2023-08-01 08:00:00,100,file24.txt,2023-08-01 10:00:00,response22,prod146,node12,No,Yes,No,8.0,Yes,No,2.0,-30.0,Yes,Left,Middle,Back,Holiday Offer,0.0,-4.0,2023-08-01 08:30:00,source24.csv,key146
Central,2023-08-01 09:00:00,105,file25.txt,2023-08-01 11:00:00,response23,prod147,node12,Yes,No,Yes,-3.0,No,Yes,0.0,0.0,No,Right,Top,Front,Easter Special,-1.0,0.0,2023-08-01 09:30:00,source25.csv,key147
NorthZone,2023-08-01 10:00:00,110,file26.txt,2023-08-01 12:00:00,response24,prod148,node13,No,Yes,No,4.0,Yes,No,1.0,-10.0,Yes,Center,Bottom,Middle,Christmas Special,0.0,-2.0,2023-08-01 10:30:00,source26.csv,key148
SouthZone,2023-08-01 11:00:00,115,file27.txt,2023-08-01 13:00:00,response25,prod149,node13,Yes,No,Yes,-6.0,No,Yes,0.5,5.0,No,Left,Top,Front,New Year Clearance,-3.0,0.0,2023-08-01 11:30:00,source27.csv,key149
EastZone,2023-08-01 12:00:00,120,file28.txt,2023-08-01 14:00:00,response26,prod150,node14,No,Yes,No,9.0,Yes,No,-0.5,0.0,Yes,Center,Middle,Back,Labor Day Sale,0.0,-5.0,2023-08-01 12:30:00,source28.csv,key150
WestZone,2023-08-01 13:00:00,125,file29.txt,2023-08-01 15:00:00,response27,prod151,node14,Yes,No,Yes,-2.0,No,Yes,0.0,-25.0,No,Right,Top,Front,Special Discount,-1.0,0.0,2023-08-01 13:30:00,source29.csv,key151
Central,2023-08-01 14:00:00,130,file30.txt,2023-08-01 16:00:00,response28,prod152,node15,No,Yes,No,0.0,Yes,No,-2.0,0.0,Yes,Center,Bottom,Middle,Flash Sale,0.0,-7.0,2023-08-01 14:30:00,source30.csv,key152
NorthZone,2023-08-01 15:00:00,135,file31.txt,2023-08-01 17:00:00,response29,prod153,node15,Yes,No,Yes,-5.0,No,Yes,0.5,10.0,No,Left,Top,Front,Limited Offer,-2.0,0.0,2023-08-01 15:30:00,source31.csv,key153
SouthZone,2023-08-01 16:00:00,140,file32.txt,2023-08-01 18:00:00,response30,prod154,node16,No,Yes,No,12.5,Yes,No,1.0,-5.0,Yes,Right,Bottom,Middle,Festive Sale,0.0,-4.0,2023-08-01 16:30:00,source32.csv,key154
EastZone,2023-08-01 17:00:00,145,file33.txt,2023-08-01 19:00:00,response31,prod155,node16,Yes,No,Yes,-8.0,No,Yes,0.0,0.0,No,Center,Top,Front,Discounted,-1.0,0.0,2023-08-01 17:30:00,source33.csv,key155
WestZone,2023-08-01 18:00:00,150,file34.txt,2023-08-01 20:00:00,response32,prod156,node17,No,Yes,No,7.5,Yes,No,-1.0,0.0,Yes,Left,Middle,Back,Buy One Get One,0.0,-3.0,2023-08-01 18:30:00,source34.csv,key156
Central,2023-08-01 19:00:00,155,file35.txt,2023-08-01 21:00:00,response33,prod157,node17,Yes,No,Yes,0.0,No,Yes,0.0,-10.0,No,Right,Top,Front,Special Offer,-2.0,0.0,2023-08-01 19:30:00,source35.csv,key157
NorthZone,2023-08-01 20:00:00,160,file36.txt,2023-08-01 22:00:00,response34,prod158,node18,No,Yes,No,3.5,Yes,No,-0.5,0.0,Yes,Center,Bottom,Middle,Clearance,0.0,-1.0,2023-08-01 20:30:00,source36.csv,key158
SouthZone,2023-08-01 21:00:00,165,file37.txt,2023-08-01 23:00:00,response35,prod159,node18,Yes,No,Yes,-10.0,No,Yes,1.0,0.0,No,Left,Top,Front,Exclusive,-5.0,0.0,2023-08-01 21:30:00,source37.csv,key159
EastZone,2023-08-01 22:00:00,170,file38.txt,2023-08-01 00:00:00,response36,prod160,node19,No,Yes,No,14.0,Yes,No,0.0,-15.0,Yes,Center,Middle,Back,Seasonal,0.0,-2.0,2023-08-01 22:30:00,source38.csv,key160
WestZone,2023-08-01 23:00:00,175,file39.txt,2023-08-01 01:00:00,response37,prod161,node19,Yes,No,Yes,-1.0,No,Yes,0.0,0.0,No,Right,Top,Front,New Arrival,-3.0,0.0,2023-08-01 23:30:00,source39.csv,key161
Central,2023-08-01 23:30:00,180,file40.txt,2023-08-01 01:30:00,response38,prod162,node20,No,Yes,No,0.0,Yes,No,-2.0,-5.0,Yes,Center,Bottom,Middle,Winter Discounts,0.0,-1.0,2023-08-01 23:00:00,source40.csv,key162
NorthZone,2023-08-01 00:00:00,185,file41.txt,2023-08-01 02:00:00,response39,prod163,node20,Yes,No,Yes,-4.0,No,Yes,1.0,10.0,No,Left,Top,Front,Holiday Special,-1.0,0.0,2023-08-01 00:30:00,source41.csv,key163
SouthZone,2023-08-01 01:00:00,190,file42.txt,2023-08-01 03:00:00,response40,prod164,node21,No,Yes,No,5.0,Yes,No,-0.5,0.0,Yes,Right,Middle,Back,Summer Sale,0.0,-4.0,2023-08-01 01:30:00,source42.csv,key164
EastZone,2023-08-01 02:00:00,195,file43.txt,2023-08-01 04:00:00,response41,prod165,node21,Yes,No,Yes,-7.0,No,Yes,0.0,5.0,No,Center,Top,Front,Clearance,-3.0,0.0,2023-08-01 02:30:00,source43.csv,key165
WestZone,2023-08-01 03:00:00,200,file44.txt,2023-08-01 05:00:00,response42,prod166,node22,No,Yes,No,0.0,Yes,No,-2.0,0.0,Yes,Right,Bottom,Middle,Exclusive,0.0,-1.0,2023-08-01 03:30:00,source44.csv,key166
Central,2023-08-01 04:00:00,205,file45.txt,2023-08-01 06:00:00,response43,prod167,node22,Yes,No,Yes,-9.0,No,Yes,0.0,-10.0,No,Left,Top,Front,Special Discount,-2.0,0.0,2023-08-01 04:30:00,source45.csv,key167
NorthZone,2023-08-01 05:00:00,210,file46.txt,2023-08-01 07:00:00,response44,prod168,node23,No,Yes,No,2.0,Yes,No,-0.5,0.0,Yes,Center,Middle,Back,New Launch,0.0,-3.0,2023-08-01 05:30:00,source46.csv,key168
SouthZone,2023-08-01 06:00:00,215,file47.txt,2023-08-01 08:00:00,response45,prod169,node23,Yes,No,Yes,-8.0,No,Yes,1.0,0.0,No,Left,Top,Front,Limited Offer,-4.0,0.0,2023-08-01 06:30:00,source47.csv,key169
EastZone,2023-08-01 07:00:00,220,file48.txt,2023-08-01 09:00:00,response46,prod170,node24,No,Yes,No,0.0,Yes,No,-3.0,0.0,Yes,Center,Bottom,Middle,Seasonal Discount,0.0,-2.0,2023-08-01 07:30:00,source48.csv,key170
WestZone,2023-08-01 08:00:00,225,file49.txt,2023-08-01 10:00:00,response47,prod171,node24,Yes,No,Yes,-6.0,No,Yes,0.5,10.0,No,Right,Top,Front,Exclusive Offer,-1.0,0.0,2023-08-01 08:30:00,source49.csv,key171
Central,2023-08-01 09:00:00,230,file50.txt,2023-08-01 11:00:00,response48,prod172,node25,No,Yes,No,0.0,Yes,No,-2.0,-5.0,Yes,Center,Middle,Back,Holiday Special,0.0,-1.0,2023-08-01 09:30:00,source50.csv,key172
